CyberSource Merchant ID,Date and Time,Request ID,Merchant Reference Number,Retrieval Reference Number,Installment Identifier,Last Name,First Name,Email,Amount,Currency,Account Prefix,Account Suffix,Applications,Payment Method,Payment Solution,Transaction Reference Number,Authorization Indicator,Partner Original Transaction ID,Partner Solution Id,Device ID,Terminal Serial Number,Processor,Token ID,Business Application ID,Terminal ID,PA Transaction ID,XID,MerchantDefinedData1,MerchantDefinedData2,MerchantDefinedData3,MerchantDefinedData4,Client User,Sales Slip Number,Authorization Code,Acquirer Account ID,JCCA Terminal ID,Billing Address1,Billing City,Billing State,Billing Postal Code,Billing Phone Number,Ip Address,Billing Country,Shipping First Name,Shipping Last Name,Shipping Address1,Shipping City,Shipping State,Shipping Country,Shipping Postal Code,Shipping Phone Number,Customer Id,Client Application,Device Fingerprint,ICS Rflag,ICS Rcode,Reason Code,Commerce Indicator
joaosouza2323_1740502549,Mar 11 2025 08:56:23 PM GMT,7417265835056885904806,DECISION_MANAGER_TEST,,,TESTER,FRAUD,assessment@reject.com.br,1000000.00,BRL,411111,1111,"Card Payments - Authorization(Success),Decision Manager(Review)",Visa,,OWLVR84RGV06,,,,,,fdiglobal,,,00123456,,,,,,,,,831000,,,999 Fake Street,Nowhere,XX,00000,,,NG,,,,,,,,,,REST API,,DREVIEW,0,480,internet,,
joaosouza2323_1740502549,Mar 11 2025 08:56:22 PM GMT,7417265827866885804806,REFUND_TEST,,,DOE,JOHN,johndoe@example.com,100.00,BRL,411111,1111,Card Payments - Credit(Success),Visa,,76328468,,,,,,fdiglobal,,,00123456,,,,,,,,,,,,1 Market St,San Francisco,CA,94105,,,US,,,,,,,,,,REST API,,SOK,1,100,internet,,
joaosouza2323_1740502549,Mar 11 2025 08:56:22 PM GMT,7417265819066916304805,REFUND_TEST,,,DOE,JOHN,johndoe@example.com,100.00,BRL,411111,1111,Card Payments - Credit(Success),Visa,,76327959,,,,,,fdiglobal,,,00123456,,,,,,,,,,,,1 Market St,San Francisco,CA,94105,,,US,,,,,,,,,,REST API,,SOK,1,100,internet,,
joaosouza2323_1740502549,Mar 11 2025 08:56:21 PM GMT,7417265812126624604807,REVERSAL_TEST_1741726580,,,DOE,JOHN,johndoe@example.com,,,411111,1111,Card Payments - Full Authorization Reversal(Failed),Visa,,,,,,,,,,,,,,,,,,,,,,,1 Market St,San Francisco,CA,94105,,,US,,,,,,,,,,REST API,,DINVALIDDATA,0,102,internet,,
joaosouza2323_1740502549,Mar 11 2025 08:56:20 PM GMT,7417265804746885704806,REVERSAL_TEST_1741726579,,,DOE,JOHN,johndoe@example.com,,,411111,1111,Card Payments - Full Authorization Reversal(Failed),Visa,,,,,,,,,,,,,,,,,,,,,,,1 Market St,San Francisco,CA,94105,,,US,,,,,,,,,,REST API,,DINVALIDDATA,0,102,internet,,
joaosouza2323_1740502549,Mar 11 2025 08:56:19 PM GMT,7417265796696885604806,CAPTURE_TEST,,,DOE,JOHN,johndoe@example.com,100.00,BRL,411111,1111,Card Payments - Settlement(Success),Visa,,76329249,,,,,,fdiglobal,,,00123456,,,,,,,,,,,,1 Market St,San Francisco,CA,94105,,,US,,,,,,,,,,REST API,,SOK,1,100,internet,,
joaosouza2323_1740502549,Mar 11 2025 08:56:18 PM GMT,7417265788766885504806,AUTH_TEST_1741726577,,,DOE,JOHN,johndoe@example.com,100.00,BRL,411111,1111,"Card Payments - Authorization(Success),Decision Manager(Success)",Visa,,EYV7582HK14D,,,,,,fdiglobal,,,00123456,,,,,,,,,831000,,,1 Market St,San Francisco,CA,94105,,,US,,,,,,,,,,REST API,,SOK,1,100,internet,,
joaosouza2323_1740502549,Mar 11 2025 08:56:17 PM GMT,7417265774996624404807,AUTH_CAPTURE_TEST_1741726576,,,DOE,JOHN,johndoe@example.com,100.00,BRL,411111,1111,"Card Payments - Authorization(Success),Decision Manager(Success),Card Payments - Settlement(Success)",Visa,,"OX5HW84RHELK,76329305",,,,,,fdiglobal,,,00123456,,,,,,,,,831000,,,1 Market St,San Francisco,CA,94105,,,US,,,,,,,,,,REST API,,SOK,1,100,internet,,
joaosouza2323_1740502549,Mar 11 2025 08:56:00 PM GMT,7417265600286915504805,REFUND_TEST,,,DOE,JOHN,johndoe@example.com,100.00,BRL,411111,1111,Card Payments - Credit(Success),Visa,,76327958,,,,,,fdiglobal,,,00123456,,,,,,,,,,,,1 Market St,San Francisco,CA,94105,,,US,,,,,,,,,,REST API,,SOK,1,100,internet,,
joaosouza2323_1740502549,Mar 11 2025 08:56:00 PM GMT,7417265609446884904806,DECISION_MANAGER_TEST,,,TESTER,FRAUD,assessment@reject.com.br,1000000.00,BRL,411111,1111,"Card Payments - Authorization(Success),Decision Manager(Review)",Visa,,EYMD482HJS0Z,,,,,,fdiglobal,,,00123456,,,,,,,,,831000,,,999 Fake Street,Nowhere,XX,00000,,,NG,,,,,,,,,,REST API,,DREVIEW,0,480,internet,,
joaosouza2323_1740502549,Mar 11 2025 08:55:59 PM GMT,7417265592086915404805,REFUND_TEST,,,DOE,JOHN,johndoe@example.com,100.00,BRL,411111,1111,Card Payments - Credit(Success),Visa,,76329361,,,,,,fdiglobal,,,00123456,,,,,,,,,,,,1 Market St,San Francisco,CA,94105,,,US,,,,,,,,,,REST API,,SOK,1,100,internet,,
joaosouza2323_1740502549,Mar 11 2025 08:55:58 PM GMT,7417265585136915304805,REVERSAL_TEST_1741726557,,,DOE,JOHN,johndoe@example.com,,,411111,1111,Card Payments - Full Authorization Reversal(Failed),Visa,,,,,,,,,,,,,,,,,,,,,,,1 Market St,San Francisco,CA,94105,,,US,,,,,,,,,,REST API,,DINVALIDDATA,0,102,internet,,
joaosouza2323_1740502549,Mar 11 2025 08:55:57 PM GMT,7417265577196915104805,REVERSAL_TEST_1741726556,,,DOE,JOHN,johndoe@example.com,,,411111,1111,Card Payments - Full Authorization Reversal(Failed),Visa,,,,,,,,,,,,,,,,,,,,,,,1 Market St,San Francisco,CA,94105,,,US,,,,,,,,,,REST API,,DINVALIDDATA,0,102,internet,,
joaosouza2323_1740502549,Mar 11 2025 08:55:56 PM GMT,7417265568706884304806,CAPTURE_TEST,,,DOE,JOHN,johndoe@example.com,100.00,BRL,411111,1111,Card Payments - Settlement(Success),Visa,,76329321,,,,,,fdiglobal,,,00123456,,,,,,,,,,,,1 Market St,San Francisco,CA,94105,,,US,,,,,,,,,,REST API,,SOK,1,100,internet,,
joaosouza2323_1740502549,Mar 11 2025 08:55:56 PM GMT,7417265561096914904805,AUTH_TEST_1741726555,,,DOE,JOHN,johndoe@example.com,100.00,BRL,411111,1111,"Decision Manager(Success),Card Payments - Authorization(Success)",Visa,,EYMD482HJS0Y,,,,,,fdiglobal,,,00123456,,,,,,,,,831000,,,1 Market St,San Francisco,CA,94105,,,US,,,,,,,,,,REST API,,SOK,1,100,internet,,
joaosouza2323_1740502549,Mar 11 2025 08:55:54 PM GMT,7417265547036914704805,AUTH_CAPTURE_TEST_1741726553,,,DOE,JOHN,johndoe@example.com,100.00,BRL,411111,1111,"Card Payments - Authorization(Success),Decision Manager(Success),Card Payments - Settlement(Success)",Visa,,"OX5HW84RHELC,76329269",,,,,,fdiglobal,,,00123456,,,,,,,,,831000,,,1 Market St,San Francisco,CA,94105,,,US,,,,,,,,,,REST API,,SOK,1,100,internet,,
joaosouza2323_1740502549,Mar 11 2025 08:53:59 PM GMT,7417264390536877904806,AUTH_TEST_1741726438,,,DOE,JOHN,johndoe@example.com,100.00,BRL,411111,1111,"Card Payments - Authorization(Success),Decision Manager(Success)",Visa,,OX5HW84RHEKN,,,,,,fdiglobal,,,00123456,,,,,,,,,831000,,,1 Market St,San Francisco,CA,94105,,,US,,,,,,,,,,REST API,,SOK,1,100,internet,,
joaosouza2323_1740502549,Mar 11 2025 08:53:57 PM GMT,7417264378046877504806,AUTH_CAPTURE_TEST_1741726436,,,DOE,JOHN,johndoe@example.com,100.00,BRL,411111,1111,"Card Payments - Settlement(Success),Card Payments - Authorization(Success),Decision Manager(Success)",Visa,,"76329170,OWLVR84RGUZ1",,,,,,fdiglobal,,,00123456,,,,,,,,,831000,,,1 Market St,San Francisco,CA,94105,,,US,,,,,,,,,,REST API,,SOK,1,100,internet,,
joaosouza2323_1740502549,Mar 11 2025 08:51:30 PM GMT,7417262906516849704806,AUTH_CAPTURE_TEST_1741726289,,,DOE,JOHN,johndoe@example.com,100.00,BRL,411111,1111,"Card Payments - Authorization(Success),Card Payments - Settlement(Success),Decision Manager(Success)",Visa,,"76329143,EYV7582HK12Q",,,,,,fdiglobal,,,00123456,,,,,,,,,831000,,,1 Market St,San Francisco,CA,94105,,,US,,,,,,,,,,REST API,,SOK,1,100,internet,,
joaosouza2323_1740502549,Mar 11 2025 08:48:01 PM GMT,7417260810156814904806,DECISION_MANAGER_TEST,,,TESTER,FRAUD,assessment@reject.com.br,1000000.00,BRL,411111,1111,"Decision Manager(Review),Card Payments - Authorization(Success)",Visa,,EYMD482HJRXT,,,,,,fdiglobal,,,00123456,,,,,,,,,831000,,,999 Fake Street,Nowhere,XX,00000,,,NG,,,,,,,,,,REST API,,DREVIEW,0,480,internet,,
joaosouza2323_1740502549,Mar 11 2025 08:48:00 PM GMT,7417260802756814704806,REFUND_TEST,,,DOE,JOHN,johndoe@example.com,100.00,BRL,411111,1111,Card Payments - Credit(Success),Visa,,76326875,,,,,,fdiglobal,,,00123456,,,,,,,,,,,,1 Market St,San Francisco,CA,94105,,,US,,,,,,,,,,REST API,,SOK,1,100,internet,,
joaosouza2323_1740502549,Mar 11 2025 08:47:59 PM GMT,7417260795266849204805,REVERSAL_TEST_1741726078,,,DOE,JOHN,johndoe@example.com,,,411111,1111,Card Payments - Full Authorization Reversal(Failed),Visa,,,,,,,,,,,,,,,,,,,,,,,1 Market St,San Francisco,CA,94105,,,US,,,,,,,,,,REST API,,DINVALIDDATA,0,102,internet,,
joaosouza2323_1740502549,Mar 11 2025 08:47:58 PM GMT,7417260781356814404806,AUTH_CAPTURE_TEST_1741726077,,,DOE,JOHN,johndoe@example.com,100.00,BRL,411111,1111,"Card Payments - Settlement(Success),Card Payments - Authorization(Success),Decision Manager(Success)",Visa,,"76328759,OWLVR84RGUWQ",,,,,,fdiglobal,,,00123456,,,,,,,,,831000,,,1 Market St,San Francisco,CA,94105,,,US,,,,,,,,,,REST API,,SOK,1,100,internet,,
joaosouza2323_1740502549,Mar 11 2025 08:47:29 PM GMT,7417260496256845804805,DECISION_MANAGER_TEST,,,TESTER,FRAUD,assessment@reject.com.br,1000000.00,BRL,411111,1111,"Decision Manager(Review),Card Payments - Authorization(Success)",Visa,,OX5HW84RHEIO,,,,,,fdiglobal,,,00123456,,,,,,,,,831000,,,999 Fake Street,Nowhere,XX,00000,,,NG,,,,,,,,,,REST API,,DREVIEW,0,480,internet,,
joaosouza2323_1740502549,Mar 11 2025 08:47:28 PM GMT,7417260488186845704805,REFUND_TEST,,,DOE,JOHN,johndoe@example.com,100.00,BRL,411111,1111,Card Payments - Credit(Success),Visa,,76327955,,,,,,fdiglobal,,,00123456,,,,,,,,,,,,1 Market St,San Francisco,CA,94105,,,US,,,,,,,,,,REST API,,SOK,1,100,internet,,
joaosouza2323_1740502549,Mar 11 2025 08:47:28 PM GMT,7417260480296552604807,REVERSAL_TEST_1741726047,,,DOE,JOHN,johndoe@example.com,,,411111,1111,Card Payments - Full Authorization Reversal(Failed),Visa,,,,,,,,,,,,,,,,,,,,,,,1 Market St,San Francisco,CA,94105,,,US,,,,,,,,,,REST API,,DINVALIDDATA,0,102,internet,,
joaosouza2323_1740502549,Mar 11 2025 08:47:26 PM GMT,7417260461546845204805,AUTH_CAPTURE_TEST_1741726045,,,DOE,JOHN,johndoe@example.com,100.00,BRL,411111,1111,"Card Payments - Settlement(Success),Decision Manager(Success),Card Payments - Authorization(Success)",Visa,,"76328758,OWLVR84RGUWK",,,,,,fdiglobal,,,00123456,,,,,,,,,831000,,,1 Market St,San Francisco,CA,94105,,,US,,,,,,,,,,REST API,,SOK,1,100,internet,,
joaosouza2323_1740502549,Mar 11 2025 08:45:40 PM GMT,7417259399616797604806,DECISION_MANAGER_TEST,,,TESTER,FRAUD,assessment@reject.com.br,1000000.00,BRL,411111,1111,"Card Payments - Authorization(Success),Decision Manager(Review)",Visa,,OX5HW84RHEHX,,,,,,fdiglobal,,,00123456,,,,,,,,,831000,,,999 Fake Street,Nowhere,XX,00000,,,NG,,,,,,,,,,REST API,,DREVIEW,0,480,internet,,
joaosouza2323_1740502549,Mar 11 2025 08:45:39 PM GMT,7417259389286797504806,REFUND_TEST,,,DOE,JOHN,johndoe@example.com,100.00,BRL,411111,1111,Card Payments - Credit(Success),Visa,,76328684,,,,,,fdiglobal,,,00123456,,,,,,,,,,,,1 Market St,San Francisco,CA,94105,,,US,,,,,,,,,,REST API,,SOK,1,100,internet,,
joaosouza2323_1740502549,Mar 11 2025 08:45:38 PM GMT,7417259381026797304806,REVERSAL_TEST_1741725937,,,DOE,JOHN,johndoe@example.com,,,411111,1111,Card Payments - Full Authorization Reversal(Failed),Visa,,,,,,,,,,,,,,,,,,,,,,,1 Market St,San Francisco,CA,94105,,,US,,,,,,,,,,REST API,,DINVALIDDATA,0,102,internet,,
joaosouza2323_1740502549,Mar 11 2025 08:45:36 PM GMT,7417259367226831904805,AUTH_CAPTURE_TEST_1741725935,,,DOE,JOHN,johndoe@example.com,100.00,BRL,411111,1111,"Card Payments - Settlement(Success),Decision Manager(Success),Card Payments - Authorization(Success)",Visa,,"76328903,EYMD482HJRWZ",,,,,,fdiglobal,,,00123456,,,,,,,,,831000,,,1 Market St,San Francisco,CA,94105,,,US,,,,,,,,,,REST API,,SOK,1,100,internet,,
joaosouza2323_1740502549,Mar 11 2025 08:42:17 PM GMT,7417257370106518704807,AUTH_CAPTURE_TEST_1741725736,,,DOE,JOHN,johndoe@example.com,100.00,BRL,411111,1111,"Decision Manager(Success),Card Payments - Authorization(Success),Card Payments - Settlement(Success)",Visa,,"76328717,OWLVR84RGUUV",,,,,,fdiglobal,,,00123456,,,,,,,,,831000,,,1 Market St,San Francisco,CA,94105,,,US,,,,,,,,,,REST API,,SOK,1,100,internet,,
joaosouza2323_1740502549,Mar 11 2025 08:37:11 PM GMT,7417254317576756504805,DECISION_MANAGER_TEST,,,TESTER,FRAUD,assessment@reject.com.br,1000000.00,BRL,411111,1111,"Card Payments - Authorization(Success),Decision Manager(Review)",Visa,,OWLVR84RGUSS,,,,,,fdiglobal,,,00123456,,,,,,,,,831000,,,999 Fake Street,Nowhere,XX,00000,,,NG,,,,,,,,,,REST API,,DREVIEW,0,480,internet,,
joaosouza2323_1740502549,Mar 11 2025 08:37:04 PM GMT,7417254244866464004807,REVERSAL_TEST_1741725423,,,DOE,JOHN,johndoe@example.com,,,411111,1111,Card Payments - Full Authorization Reversal(Failed),Visa,,,,,,,,,,,,,,,,,,,,,,,1 Market St,San Francisco,CA,94105,,,US,,,,,,,,,,REST API,,DINVALIDDATA,0,102,internet,,
joaosouza2323_1740502549,Mar 11 2025 08:37:03 PM GMT,7417254237196463904807,AUTH_TEST_1741725422,,,DOE,JOHN,johndoe@example.com,100.00,BRL,411111,1111,"Decision Manager(Success),Card Payments - Authorization(Success)",Visa,,OWLVR84RGUSR,,,,,,fdiglobal,,,00123456,,,,,,,,,831000,,,1 Market St,San Francisco,CA,94105,,,US,,,,,,,,,,REST API,,SOK,1,100,internet,,
joaosouza2323_1740502549,Mar 11 2025 08:34:35 PM GMT,7417252758666733904805,REFUND_TEST,,,DOE,JOHN,johndoe@example.com,100.00,BRL,411111,1111,Card Payments - Credit(Success),Visa,,76327952,,,,,,fdiglobal,,,00123456,,,,,,,,,,,,1 Market St,San Francisco,CA,94105,,,US,,,,,,,,,,REST API,,SOK,1,100,internet,,
joaosouza2323_1740502549,Mar 11 2025 08:34:34 PM GMT,7417252748046701204806,CAPTURE_REFUND_TEST_1741725273,,,DOE,JOHN,johndoe@example.com,100.00,BRL,411111,1111,"Card Payments - Settlement(Success),Card Payments - Authorization(Success),Decision Manager(Success)",Visa,,"76328534,EYMD482HJRTE",,,,,,fdiglobal,,,00123456,,,,,,,,,831000,,,1 Market St,San Francisco,CA,94105,,,US,,,,,,,,,,REST API,,SOK,1,100,internet,,
joaosouza2323_1740502549,Mar 11 2025 08:34:15 PM GMT,7417252552846439504807,REFUND_TEST,,,DOE,JOHN,johndoe@example.com,100.00,BRL,411111,1111,Card Payments - Credit(Success),Visa,,76327951,,,,,,fdiglobal,,,00123456,,,,,,,,,,,,1 Market St,San Francisco,CA,94105,,,US,,,,,,,,,,REST API,,SOK,1,100,internet,,
joaosouza2323_1740502549,Mar 11 2025 08:34:14 PM GMT,7417252544316439404807,CAPTURE_TEST_1741725253,,,DOE,JOHN,johndoe@example.com,100.00,BRL,411111,1111,"Card Payments - Authorization(Success),Decision Manager(Success),Card Payments - Settlement(Success)",Visa,,"EYMD482HJRTB,76328556",,,,,,fdiglobal,,,00123456,,,,,,,,,831000,,,1 Market St,San Francisco,CA,94105,,,US,,,,,,,,,,REST API,,SOK,1,100,internet,,
joaosouza2323_1740502549,Mar 11 2025 08:28:39 PM GMT,7417249188996636804806,CAPTURE_TEST,,,DOE,JOHN,johndoe@example.com,100.00,BRL,411111,1111,Card Payments - Settlement(Success),Visa,,76328207,,,,,,fdiglobal,,,00123456,,,,,,,,,,,,1 Market St,San Francisco,CA,94105,,,US,,,,,,,,,,REST API,,SOK,1,100,internet,,
joaosouza2323_1740502549,Mar 11 2025 08:28:37 PM GMT,7417249179196668904805,AUTH_TEST_1741724916,,,DOE,JOHN,johndoe@example.com,100.00,BRL,411111,1111,"Card Payments - Authorization(Success),Decision Manager(Success)",Visa,,EYMD482HJRR8,,,,,,fdiglobal,,,00123456,,,,,,,,,831000,,,1 Market St,San Francisco,CA,94105,,,US,,,,,,,,,,REST API,,SOK,1,100,internet,,
joaosouza2323_1740502549,Mar 11 2025 08:28:34 PM GMT,7417249139576668104805,CAPTURE_TEST,,,DOE,JOHN,johndoe@example.com,100.00,BRL,411111,1111,Card Payments - Settlement(Success),Visa,,76328206,,,,,,fdiglobal,,,00123456,,,,,,,,,,,,1 Market St,San Francisco,CA,94105,,,US,,,,,,,,,,REST API,,SOK,1,100,internet,,
joaosouza2323_1740502549,Mar 11 2025 08:28:33 PM GMT,7417249132026635404806,AUTH_TEST_1741724912,,,DOE,JOHN,johndoe@example.com,100.00,BRL,411111,1111,"Decision Manager(Success),Card Payments - Authorization(Success)",Visa,,EYV7582HK0US,,,,,,fdiglobal,,,00123456,,,,,,,,,831000,,,1 Market St,San Francisco,CA,94105,,,US,,,,,,,,,,REST API,,SOK,1,100,internet,,
joaosouza2323_1740502549,Mar 11 2025 08:27:43 PM GMT,7417248631736364804807,AUTH_CAPTURE_TEST_1741724862,,,DOE,JOHN,johndoe@example.com,100.00,BRL,411111,1111,"Decision Manager(Success),Card Payments - Settlement(Success),Card Payments - Authorization(Success)",Visa,,"EYV7582HK0UK,76328203",,,,,,fdiglobal,,,00123456,,,,,,,,,831000,,,1 Market St,San Francisco,CA,94105,,,US,,,,,,,,,,REST API,,SOK,1,100,internet,,
joaosouza2323_1740502549,Mar 11 2025 08:26:25 PM GMT,7417247853166636904805,AUTH_CAPTURE_TEST_1741724784,,,DOE,JOHN,johndoe@example.com,100.00,BRL,411111,1111,"Decision Manager(Success),Card Payments - Settlement(Success),Card Payments - Authorization(Success)",Visa,,"EYV7582HK0TJ,76327753",,,,,,fdiglobal,,,00123456,,,,,,,,,831000,,,1 Market St,San Francisco,CA,94105,,,US,,,,,,,,,,REST API,,SOK,1,100,internet,,
joaosouza2323_1740502549,Mar 11 2025 08:26:21 PM GMT,7417247818256344404807,AUTH_CAPTURE_TEST_1741724780,,,DOE,JOHN,johndoe@example.com,100.00,BRL,411111,1111,"Card Payments - Authorization(Success),Decision Manager(Success),Card Payments - Settlement(Success)",Visa,,"EYMD482HJRPV,76327752",,,,,,fdiglobal,,,00123456,,,,,,,,,831000,,,1 Market St,San Francisco,CA,94105,,,US,,,,,,,,,,REST API,,SOK,1,100,internet,,
joaosouza2323_1740502549,Mar 11 2025 08:21:25 PM GMT,7417244855976287804807,DECISION_MANAGER_TEST,,,TESTER,FRAUD,assessment@reject.com.br,1000000.00,BRL,411111,1111,"Decision Manager(Review),Card Payments - Authorization(Success)",Visa,,EYV7582HK0S1,,,,,,fdiglobal,,,00123456,,,,,,,,,831000,,,999 Fake Street,Nowhere,XX,00000,,,NG,,,,,,,,,,REST API,,DREVIEW,0,480,internet,,
joaosouza2323_1740502549,Mar 11 2025 08:21:15 PM GMT,7417244750846548804806,REVERSAL_TEST_1741724474,,,DOE,JOHN,johndoe@example.com,,,411111,1111,Card Payments - Full Authorization Reversal(Failed),Visa,,,,,,,,,,,,,,,,,,,,,,,1 Market St,San Francisco,CA,94105,,,US,,,,,,,,,,REST API,,DINVALIDDATA,0,102,internet,,
joaosouza2323_1740502549,Mar 11 2025 08:21:14 PM GMT,7417244741756285704807,AUTH_TEST_1741724473,,,DOE,JOHN,johndoe@example.com,100.00,BRL,411111,1111,"Card Payments - Authorization(Success),Decision Manager(Success)",Visa,,OX5HW84RHE92,,,,,,fdiglobal,,,00123456,,,,,,,,,831000,,,1 Market St,San Francisco,CA,94105,,,US,,,,,,,,,,REST API,,SOK,1,100,internet,,
joaosouza2323_1740502549,Mar 11 2025 08:20:54 PM GMT,7417244539106577204805,REFUND_TEST,,,DOE,JOHN,johndoe@example.com,100.00,BRL,411111,1111,Card Payments - Credit(Success),Visa,,76326473,,,,,,fdiglobal,,,00123456,,,,,,,,,,,,1 Market St,San Francisco,CA,94105,,,US,,,,,,,,,,REST API,,SOK,1,100,internet,,
joaosouza2323_1740502549,Mar 11 2025 08:20:53 PM GMT,7417244530656282004807,CAPTURE_TEST,,,DOE,JOHN,johndoe@example.com,100.00,BRL,411111,1111,"Decision Manager(Success),Card Payments - Settlement(Success),Card Payments - Authorization(Success)",Visa,,"OX5HW84RHE8W,76327854",,,,,,fdiglobal,,,00123456,,,,,,,,,831000,,,1 Market St,San Francisco,CA,94105,,,US,,,,,,,,,,REST API,,SOK,1,100,internet,,
joaosouza2323_1740502549,Mar 11 2025 08:12:44 PM GMT,7417239641996479704805,CAPTURE_TEST,,,DOE,JOHN,johndoe@example.com,100.00,BRL,411111,1111,Card Payments - Settlement(Success),Visa,,76327351,,,,,,fdiglobal,,,00123456,,,,,,,,,,,,1 Market St,San Francisco,CA,94105,,,US,,,,,,,,,,REST API,,SOK,1,100,internet,,
joaosouza2323_1740502549,Mar 11 2025 08:12:43 PM GMT,7417239632656479604805,AUTH_TEST_1741723962,,,DOE,JOHN,johndoe@example.com,100.00,BRL,411111,1111,"Card Payments - Authorization(Success),Decision Manager(Success)",Visa,,EYV7582HK0QG,,,,,,fdiglobal,,,00123456,,,,,,,,,831000,,,1 Market St,San Francisco,CA,94105,,,US,,,,,,,,,,REST API,,SOK,1,100,internet,,
joaosouza2323_1740502549,Mar 11 2025 08:12:39 PM GMT,7417239596966446004806,CAPTURE_TEST,,,DOE,JOHN,johndoe@example.com,100.00,BRL,411111,1111,Card Payments - Settlement(Success),Visa,,76327703,,,,,,fdiglobal,,,00123456,,,,,,,,,,,,1 Market St,San Francisco,CA,94105,,,US,,,,,,,,,,REST API,,SOK,1,100,internet,,
joaosouza2323_1740502549,Mar 11 2025 08:12:38 PM GMT,7417239587236445804806,AUTH_TEST_1741723957,,,DOE,JOHN,johndoe@example.com,100.00,BRL,411111,1111,"Decision Manager(Success),Card Payments - Authorization(Success)",Visa,,EYMD482HJRMF,,,,,,fdiglobal,,,00123456,,,,,,,,,831000,,,1 Market St,San Francisco,CA,94105,,,US,,,,,,,,,,REST API,,SOK,1,100,internet,,
joaosouza2323_1740502549,Mar 11 2025 08:10:53 PM GMT,7417238530056178904807,AUTH_CAPTURE_TEST_1741723852,,,DOE,JOHN,johndoe@example.com,100.00,BRL,411111,1111,"Card Payments - Settlement(Success),Decision Manager(Success),Card Payments - Authorization(Success)",Visa,,"76327702,EYMD482HJRM0",,,,,,fdiglobal,,,00123456,,,,,,,,,831000,,,1 Market St,San Francisco,CA,94105,,,US,,,,,,,,,,REST API,,SOK,1,100,internet,,
joaosouza2323_1740502549,Mar 11 2025 08:10:49 PM GMT,7417238495266178304807,AUTH_CAPTURE_TEST_1741723848,,,DOE,JOHN,johndoe@example.com,100.00,BRL,411111,1111,"Decision Manager(Success),Card Payments - Authorization(Success),Card Payments - Settlement(Success)",Visa,,"OX5HW84RHE6I,76327348",,,,,,fdiglobal,,,00123456,,,,,,,,,831000,,,1 Market St,San Francisco,CA,94105,,,US,,,,,,,,,,REST API,,SOK,1,100,internet,,
joaosouza2323_1740502549,Mar 11 2025 08:05:40 PM GMT,7417235404596409404805,REVERSAL_TEST_1741723539,,,DOE,JOHN,johndoe@example.com,,,411111,1111,Card Payments - Full Authorization Reversal(Failed),Visa,,,,,,,,,,,,,,,,,,,,,,,1 Market St,San Francisco,CA,94105,,,US,,,,,,,,,,REST API,,DINVALIDDATA,0,102,internet,,
joaosouza2323_1740502549,Mar 11 2025 08:05:39 PM GMT,7417235396396381104806,AUTH_TEST_1741723538,,,DOE,JOHN,johndoe@example.com,100.00,BRL,411111,1111,"Decision Manager(Success),Card Payments - Authorization(Success)",Visa,,OWLVR84RGUJX,,,,,,fdiglobal,,,00123456,,,,,,,,,831000,,,1 Market St,San Francisco,CA,94105,,,US,,,,,,,,,,REST API,,SOK,1,100,internet,,
joaosouza2323_1740502549,Mar 11 2025 08:05:34 PM GMT,7417235343146379804806,REVERSAL_TEST_1741723533,,,DOE,JOHN,johndoe@example.com,,,411111,1111,Card Payments - Full Authorization Reversal(Failed),Visa,,,,,,,,,,,,,,,,,,,,,,,1 Market St,San Francisco,CA,94105,,,US,,,,,,,,,,REST API,,DINVALIDDATA,0,102,internet,,
joaosouza2323_1740502549,Mar 11 2025 08:05:33 PM GMT,7417235333926119904807,AUTH_TEST_1741723532,,,DOE,JOHN,johndoe@example.com,100.00,BRL,411111,1111,"Decision Manager(Success),Card Payments - Authorization(Success)",Visa,,OX5HW84RHE5L,,,,,,fdiglobal,,,00123456,,,,,,,,,831000,,,1 Market St,San Francisco,CA,94105,,,US,,,,,,,,,,REST API,,SOK,1,100,internet,,
joaosouza2323_1740502549,Mar 11 2025 08:03:31 PM GMT,7417234113646359304806,DECISION_MANAGER_TEST,,,TESTER,FRAUD,assessment@reject.com.br,1000000.00,BRL,411111,1111,"Card Payments - Authorization(Success),Decision Manager(Review)",Visa,,EYV7582HK0O0,,,,,,fdiglobal,,,00123456,,,,,,,,,831000,,,999 Fake Street,Nowhere,XX,00000,,,NG,,,,,,,,,,REST API,,DREVIEW,0,480,internet,,
joaosouza2323_1740502549,Mar 11 2025 08:00:20 PM GMT,7417232201566320704806,AUTH_TEST_1741723219,,,DOE,JOHN,johndoe@example.com,100.00,BRL,411111,1111,"Decision Manager(Success),Card Payments - Authorization(Success)",Visa,,OWLVR84RGUHW,,,,,,fdiglobal,,,00123456,,,,,,,,,831000,,,1 Market St,San Francisco,CA,94105,,,US,,,,,,,,,,REST API,,SOK,1,100,internet,,
joaosouza2323_1740502549,Mar 11 2025 08:00:20 PM GMT,7417232208926346404805,CAPTURE_TEST,,,DOE,JOHN,johndoe@example.com,100.00,BRL,411111,1111,Card Payments - Settlement(Success),Visa,,76327285,,,,,,fdiglobal,,,00123456,,,,,,,,,,,,1 Market St,San Francisco,CA,94105,,,US,,,,,,,,,,REST API,,SOK,1,100,internet,,
joaosouza2323_1740502549,Mar 11 2025 08:00:18 PM GMT,7417232182636320304806,CAPTURE_TEST,,,DOE,JOHN,johndoe@example.com,100.00,BRL,411111,1111,Card Payments - Settlement(Success),Visa,,76327442,,,,,,fdiglobal,,,00123456,,,,,,,,,,,,1 Market St,San Francisco,CA,94105,,,US,,,,,,,,,,REST API,,SOK,1,100,internet,,
joaosouza2323_1740502549,Mar 11 2025 08:00:17 PM GMT,7417232176116320104806,AUTH_TEST_1741723216,,,DOE,JOHN,johndoe@example.com,100.00,BRL,411111,1111,"Decision Manager(Success),Card Payments - Authorization(Success)",Visa,,EYMD482HJRIP,,,,,,fdiglobal,,,00123456,,,,,,,,,831000,,,1 Market St,San Francisco,CA,94105,,,US,,,,,,,,,,REST API,,SOK,1,100,internet,,
joaosouza2323_1740502549,Mar 11 2025 08:00:16 PM GMT,7417232160596319904806,CAPTURE_TEST,,,DOE,JOHN,johndoe@example.com,100.00,BRL,411111,1111,Card Payments - Settlement(Success),Visa,,76327441,,,,,,fdiglobal,,,00123456,,,,,,,,,,,,1 Market St,San Francisco,CA,94105,,,US,,,,,,,,,,REST API,,SOK,1,100,internet,,
joaosouza2323_1740502549,Mar 11 2025 08:00:15 PM GMT,7417232152416319804806,AUTH_TEST_1741723214,,,DOE,JOHN,johndoe@example.com,100.00,BRL,411111,1111,"Decision Manager(Success),Card Payments - Authorization(Success)",Visa,,OX5HW84RHE3L,,,,,,fdiglobal,,,00123456,,,,,,,,,831000,,,1 Market St,San Francisco,CA,94105,,,US,,,,,,,,,,REST API,,SOK,1,100,internet,,
joaosouza2323_1740502549,Mar 11 2025 08:00:13 PM GMT,7417232136386345004805,CAPTURE_TEST,,,DOE,JOHN,johndoe@example.com,100.00,BRL,411111,1111,Card Payments - Settlement(Success),Visa,,76327343,,,,,,fdiglobal,,,00123456,,,,,,,,,,,,1 Market St,San Francisco,CA,94105,,,US,,,,,,,,,,REST API,,SOK,1,100,internet,,
joaosouza2323_1740502549,Mar 11 2025 08:00:12 PM GMT,7417232128796319504806,AUTH_TEST_1741723212,,,DOE,JOHN,johndoe@example.com,100.00,BRL,411111,1111,"Decision Manager(Success),Card Payments - Authorization(Success)",Visa,,OWLVR84RGUHN,,,,,,fdiglobal,,,00123456,,,,,,,,,831000,,,1 Market St,San Francisco,CA,94105,,,US,,,,,,,,,,REST API,,SOK,1,100,internet,,
joaosouza2323_1740502549,Mar 11 2025 08:00:10 PM GMT,7417232101296344604805,CAPTURE_TEST,,,DOE,JOHN,johndoe@example.com,100.00,BRL,411111,1111,Card Payments - Settlement(Success),Visa,,76327080,,,,,,fdiglobal,,,00123456,,,,,,,,,,,,1 Market St,San Francisco,CA,94105,,,US,,,,,,,,,,REST API,,SOK,1,100,internet,,
joaosouza2323_1740502549,Mar 11 2025 08:00:09 PM GMT,7417232090786319004806,AUTH_TEST_1741723208,,,DOE,JOHN,johndoe@example.com,100.00,BRL,411111,1111,"Card Payments - Authorization(Success),Decision Manager(Success)",Visa,,OX5HW84RHE3K,,,,,,fdiglobal,,,00123456,,,,,,,,,831000,,,1 Market St,San Francisco,CA,94105,,,US,,,,,,,,,,REST API,,SOK,1,100,internet,,
joaosouza2323_1740502549,Mar 11 2025 08:00:07 PM GMT,7417232069286058204807,CAPTURE_TEST,,,DOE,JOHN,johndoe@example.com,100.00,BRL,411111,1111,Card Payments - Settlement(Success),Visa,,76327079,,,,,,fdiglobal,,,00123456,,,,,,,,,,,,1 Market St,San Francisco,CA,94105,,,US,,,,,,,,,,REST API,,SOK,1,100,internet,,
joaosouza2323_1740502549,Mar 11 2025 08:00:05 PM GMT,7417232059016057804807,AUTH_TEST_1741723204,,,DOE,JOHN,johndoe@example.com,100.00,BRL,411111,1111,"Card Payments - Authorization(Success),Decision Manager(Success)",Visa,,OX5HW84RHE3J,,,,,,fdiglobal,,,00123456,,,,,,,,,831000,,,1 Market St,San Francisco,CA,94105,,,US,,,,,,,,,,REST API,,SOK,1,100,internet,,
joaosouza2323_1740502549,Mar 11 2025 07:59:13 PM GMT,7417231538806049904807,AUTH_CAPTURE_TEST_1741723153,,,DOE,JOHN,johndoe@example.com,100.00,BRL,411111,1111,"Decision Manager(Success),Card Payments - Authorization(Success),Card Payments - Settlement(Success)",Visa,,"OX5HW84RHE34,76327126",,,,,,fdiglobal,,,00123456,,,,,,,,,831000,,,1 Market St,San Francisco,CA,94105,,,US,,,,,,,,,,REST API,,SOK,1,100,internet,,
joaosouza2323_1740502549,Mar 11 2025 07:59:10 PM GMT,7417231504966335004805,AUTH_CAPTURE_TEST_1741723149,,,DOE,JOHN,johndoe@example.com,100.00,BRL,411111,1111,"Card Payments - Authorization(Success),Decision Manager(Success),Card Payments - Settlement(Success)",Visa,,"76327077,EYMD482HJRI2",,,,,,fdiglobal,,,00123456,,,,,,,,,831000,,,1 Market St,San Francisco,CA,94105,,,US,,,,,,,,,,REST API,,SOK,1,100,internet,,
joaosouza2323_1740502549,Mar 11 2025 07:59:08 PM GMT,7417231479886049404807,AUTH_CAPTURE_TEST_1741723147,,,DOE,JOHN,johndoe@example.com,100.00,BRL,411111,1111,"Decision Manager(Success),Card Payments - Authorization(Success),Card Payments - Settlement(Success)",Visa,,"OWLVR84RGUH9,76327342",,,,,,fdiglobal,,,00123456,,,,,,,,,831000,,,1 Market St,San Francisco,CA,94105,,,US,,,,,,,,,,REST API,,SOK,1,100,internet,,
joaosouza2323_1740502549,Mar 11 2025 07:59:05 PM GMT,7417231453126334604805,AUTH_CAPTURE_TEST_1741723144,,,DOE,JOHN,johndoe@example.com,100.00,BRL,411111,1111,"Decision Manager(Success),Card Payments - Authorization(Success),Card Payments - Settlement(Success)",Visa,,"EYV7582HK0MB,76327076",,,,,,fdiglobal,,,00123456,,,,,,,,,831000,,,1 Market St,San Francisco,CA,94105,,,US,,,,,,,,,,REST API,,SOK,1,100,internet,,
joaosouza2323_1740502549,Mar 11 2025 07:59:02 PM GMT,7417231426406334304805,AUTH_CAPTURE_TEST_1741723141,,,DOE,JOHN,johndoe@example.com,100.00,BRL,411111,1111,"Card Payments - Settlement(Success),Card Payments - Authorization(Success),Decision Manager(Success)",Visa,,"76327125,OX5HW84RHE31",,,,,,fdiglobal,,,00123456,,,,,,,,,831000,,,1 Market St,San Francisco,CA,94105,,,US,,,,,,,,,,REST API,,SOK,1,100,internet,,
joaosouza2323_1740502549,Mar 11 2025 07:52:38 PM GMT,7417227580116260604806,AUTH_CAPTURE_TEST,,,DOE,JOHN,johndoe@example.com,100.00,BRL,411111,1111,"Decision Manager(Success),Card Payments - Authorization(Success),Card Payments - Settlement(Success)",Visa,,"OWLVR84RGUFF,76327065",,,,,,fdiglobal,,,00123456,,,,,,,,,831000,,,1 Market St,San Francisco,CA,94105,,,US,,,,,,,,,,REST API,,SOK,1,100,internet,,
joaosouza2323_1740502549,Mar 11 2025 07:48:21 PM GMT,7417225014336217404806,REVERSAL_TEST,,,DOE,JOHN,johndoe@example.com,,,411111,1111,Card Payments - Full Authorization Reversal(Failed),Visa,,,,,,,,,,,,,,,,,,,,,,,1 Market St,San Francisco,CA,94105,,,US,,,,,,,,,,REST API,,DINVALIDDATA,0,102,internet,,
joaosouza2323_1740502549,Mar 11 2025 07:48:20 PM GMT,7417225006256217204806,AUTH_TEST,,,DOE,JOHN,johndoe@example.com,100.00,BRL,411111,1111,"Decision Manager(Success),Card Payments - Authorization(Success)",Visa,,EYV7582HK0J8,,,,,,fdiglobal,,,00123456,,,,,,,,,831000,,,1 Market St,San Francisco,CA,94105,,,US,,,,,,,,,,REST API,,SOK,1,100,internet,,
joaosouza2323_1740502549,Mar 11 2025 07:30:37 PM GMT,7417214376476024804806,REFUND_TEST,,,DOE,JOHN,johndoe@example.com,100.00,BRL,411111,1111,Card Payments - Credit(Success),Visa,,76325075,,,,,,fdiglobal,,,00123456,,,,,,,,,,,,1 Market St,San Francisco,CA,94105,,,US,,,,,,,,,,REST API,,SOK,1,100,internet,,
joaosouza2323_1740502549,Mar 11 2025 07:30:36 PM GMT,7417214368686758104807,CAPTURE_TEST,,,DOE,JOHN,johndoe@example.com,100.00,BRL,411111,1111,"Decision Manager(Success),Card Payments - Authorization(Success),Card Payments - Settlement(Success)",Visa,,"76326331,EYMD482HJR8L",,,,,,fdiglobal,,,00123456,,,,,,,,,831000,,,1 Market St,San Francisco,CA,94105,,,US,,,,,,,,,,REST API,,SOK,1,100,internet,,
joaosouza2323_1740502549,Mar 11 2025 07:23:36 PM GMT,7417210161866959304805,CAPTURE_TEST,,,DOE,JOHN,johndoe@example.com,100.00,BRL,411111,1111,Card Payments - Settlement(Success),Visa,,76325793,,,,,,fdiglobal,,,00123456,,,,,,,,,,,,1 Market St,San Francisco,CA,94105,,,US,,,,,,,,,,REST API,,SOK,1,100,internet,,
joaosouza2323_1740502549,Mar 11 2025 07:23:35 PM GMT,7417210153976959104805,AUTH_TEST,,,DOE,JOHN,johndoe@example.com,100.00,BRL,411111,1111,"Decision Manager(Success),Card Payments - Authorization(Success)",Visa,,OWLVR84RGU63,,,,,,fdiglobal,,,00123456,,,,,,,,,831000,,,1 Market St,San Francisco,CA,94105,,,US,,,,,,,,,,REST API,,SOK,1,100,internet,,
joaosouza2323_1740502549,Mar 11 2025 07:23:13 PM GMT,7417209937916956604805,AUTH_CAPTURE_TEST,,,DOE,JOHN,johndoe@example.com,100.00,BRL,411111,1111,"Card Payments - Authorization(Success),Decision Manager(Success),Card Payments - Settlement(Success)",Visa,,"76326055,OX5HW84RHDRG",,,,,,fdiglobal,,,00123456,,,,,,,,,831000,,,1 Market St,San Francisco,CA,94105,,,US,,,,,,,,,,REST API,,SOK,1,100,internet,,
joaosouza2323_1740502549,Mar 11 2025 06:58:25 PM GMT,7417195058856379304807,AUTH_CAPTURE_TEST,,,DOE,JOHN,johndoe@example.com,100.00,BRL,411111,1111,"Card Payments - Authorization(Success),Card Payments - Settlement(Success),Decision Manager(Success)",Visa,,"OX5HW84RHDID,76325448",,,,,,fdiglobal,,,00123456,,,,,,,,,831000,,,1 Market St,San Francisco,CA,94105,,,US,,,,,,,,,,REST API,,SOK,1,100,internet,,
joaosouza2323_1740502549,Mar 11 2025 06:40:00 PM GMT,7417184002166174504807,DECISION_MANAGER_TEST,,,TESTER,FRAUD,assessment@reject.com.br,1000000.00,USD,411111,1111,"Card Payments - Authorization(Success),Decision Manager(Review)",Visa,,EYV7582HJZV0,,,,,,fdiglobal,,,00123456,,,,,,,,,831000,,,999 Fake Street,Nowhere,XX,00000,,,NG,,,,,,,,,,REST API,,DREVIEW,0,480,internet,,
joaosouza2323_1740502549,Mar 11 2025 06:37:51 PM GMT,7417182710726437304806,DECISION_MANAGER_TEST,,,TESTER,FRAUD,assessment@reject.com.br,10000.00,USD,411111,1111,"Card Payments - Authorization(Success),Decision Manager(Review)",Visa,,OX5HW84RHD95,,,,,,fdiglobal,,,00123456,,,,,,,,,831000,,,123 Fake Street,San Francisco,CA,00000,,,RU,,,,,,,,,,REST API,,DREVIEW,0,480,internet,,
joaosouza2323_1740502549,Mar 11 2025 06:35:05 PM GMT,7417181050856411204806,DECISION_MANAGER_TEST,,,USER,TEST,assessment@reject.com.br,100.00,USD,411111,1111,"Card Payments - Authorization(Success),Decision Manager(Review)",Visa,,OX5HW84RHD8D,,,,,,fdiglobal,,,00123456,,,,,,,,,831000,,,123 Test Street,San Francisco,CA,94105,,,US,,,,,,,,,,REST API,,DREVIEW,0,480,internet,,
joaosouza2323_1740502549,Mar 11 2025 06:28:32 PM GMT,7417177121606083504807,REFUND_TEST,,,DOE,JOHN,johndoe@example.com,,,411111,1111,Card Payments - Credit(Failed),Visa,,,,,,,,,,,,,,,,,,,,,,,1 Market St,San Francisco,CA,94105,,,US,,,,,,,,,,REST API,,DINVALIDDATA,0,102,internet,,
joaosouza2323_1740502549,Mar 11 2025 06:28:30 PM GMT,7417177108886363404806,CAPTURE_TEST,,,DOE,JOHN,johndoe@example.com,100.00,USD,411111,1111,"Decision Manager(Review),Card Payments - Settlement(Not Run),Card Payments - Authorization(Success)",Visa,,OX5HW84RHD6K,,,,,,fdiglobal,,,00123456,,,,,,,,,831000,,,1 Market St,San Francisco,CA,94105,,,US,,,,,,,,,,REST API,,DREVIEW,0,480,internet,,
joaosouza2323_1740502549,Mar 11 2025 06:28:24 PM GMT,7417177046886083404807,REFUND_TEST,,,DOE,JOHN,johndoe@example.com,,,411111,1111,Card Payments - Credit(Failed),Visa,,,,,,,,,,,,,,,,,,,,,,,1 Market St,San Francisco,CA,94105,,,US,,,,,,,,,,REST API,,DINVALIDDATA,0,102,internet,,
joaosouza2323_1740502549,Mar 11 2025 06:28:23 PM GMT,7417177036856385204805,CAPTURE_TEST,,,DOE,JOHN,johndoe@example.com,100.00,USD,411111,1111,"Card Payments - Settlement(Not Run),Decision Manager(Review),Card Payments - Authorization(Success)",Visa,,EYMD482HJQLU,,,,,,fdiglobal,,,00123456,,,,,,,,,831000,,,1 Market St,San Francisco,CA,94105,,,US,,,,,,,,,,REST API,,DREVIEW,0,480,internet,,
joaosouza2323_1740502549,Mar 11 2025 06:15:55 PM GMT,7417169550086232204805,CAPTURE_TEST,,,DOE,JOHN,johndoe@example.com,100.00,USD,411111,1111,"Card Payments - Authorization(Success),Decision Manager(Review),Card Payments - Settlement(Not Run)",Visa,,EYMD482HJQGF,,,,,,fdiglobal,,,00123456,,,,,,,,,831000,,,1 Market St,San Francisco,CA,94105,,,US,,,,,,,,,,REST API,,DREVIEW,0,480,internet,,
joaosouza2323_1740502549,Mar 11 2025 06:15:55 PM GMT,7417169557436215404806,REFUND_TEST,,,DOE,JOHN,johndoe@example.com,,,411111,1111,Card Payments - Credit(Failed),Visa,,,,,,,,,,,,,,,,,,,,,,,1 Market St,San Francisco,CA,94105,,,US,,,,,,,,,,REST API,,DINVALIDDATA,0,102,internet,,
joaosouza2323_1740502549,Mar 11 2025 06:14:18 PM GMT,7417168579766915104807,REFUND_TEST,,,DOE,JOHN,johndoe@example.com,,,411111,1111,Card Payments - Credit(Failed),Visa,,,,,,,,,,,,,,,,,,,,,,,1 Market St,San Francisco,CA,94105,,,US,,,,,,,,,,REST API,,DINVALIDDATA,0,102,internet,,
joaosouza2323_1740502549,Mar 11 2025 06:14:17 PM GMT,7417168569906212804805,CAPTURE_TEST,,,DOE,JOHN,johndoe@example.com,100.00,USD,411111,1111,"Card Payments - Authorization(Success),Card Payments - Settlement(Not Run),Decision Manager(Review)",Visa,,EYMD482HJQFX,,,,,,fdiglobal,,,00123456,,,,,,,,,831000,,,1 Market St,San Francisco,CA,94105,,,US,,,,,,,,,,REST API,,DREVIEW,0,480,internet,,
joaosouza2323_1740502549,Mar 11 2025 06:10:01 PM GMT,7417166009816184404805,REVERSAL_TEST,,,DOE,JOHN,johndoe@example.com,100.00,USD,411111,1111,Card Payments - Full Authorization Reversal(Success),Visa,,KCTBV7KMXBMV,,,,,,fdiglobal,,,00123456,,,,,,,,,,,,1 Market St,San Francisco,CA,94105,,,US,,,,,,,,,,REST API,,SOK,1,100,internet,,
joaosouza2323_1740502549,Mar 11 2025 06:10:00 PM GMT,7417166000986184304805,AUTH_TEST,,,DOE,JOHN,johndoe@example.com,100.00,USD,411111,1111,"Decision Manager(Review),Card Payments - Authorization(Success)",Visa,,OX5HW84RHCXW,,,,,,fdiglobal,,,00123456,,,,,,,,,831000,,,1 Market St,San Francisco,CA,94105,,,US,,,,,,,,,,REST API,,DREVIEW,0,480,internet,,
joaosouza2323_1740502549,Mar 11 2025 06:02:57 PM GMT,7417161770666838704807,AUTH_CAPTURE_TEST,,,DOE,JOHN,johndoe@example.com,100.00,USD,411111,1111,"Card Payments - Authorization(Success),Decision Manager(Review),Card Payments - Settlement(Not Run)",Visa,,EYMD482HJQ9Y,,,,,,fdiglobal,,,00123456,,,,,,,,,831000,,,1 Market St,San Francisco,CA,94105,,,US,,,,,,,,,,REST API,,DREVIEW,0,480,internet,,
joaosouza2323_1740502549,Mar 11 2025 06:02:52 PM GMT,7417161723466132204805,AUTH_CAPTURE_TEST,,,DOE,JOHN,johndoe@example.com,100.00,USD,411111,1111,"Card Payments - Authorization(Success),Card Payments - Settlement(Not Run),Decision Manager(Review)",Visa,,EYV7582HJZF2,,,,,,fdiglobal,,,00123456,,,,,,,,,831000,,,1 Market St,San Francisco,CA,94105,,,US,,,,,,,,,,REST API,,DREVIEW,0,480,internet,,
joaosouza2323_1740502549,Mar 11 2025 06:02:48 PM GMT,7417161682516131904805,CAPTURE_TEST,,,DOE,JOHN,johndoe@example.com,100.00,USD,411111,1111,Card Payments - Settlement(Success),Visa,,76323041,,,,,,fdiglobal,,,00123456,,,,,,,,,,,,1 Market St,San Francisco,CA,94105,,,US,,,,,,,,,,REST API,,SOK,1,100,internet,,
joaosouza2323_1740502549,Mar 11 2025 06:02:47 PM GMT,7417161672436115404806,AUTH_TEST,,,DOE,JOHN,johndoe@example.com,100.00,USD,411111,1111,"Decision Manager(Review),Card Payments - Authorization(Success)",Visa,,OWLVR84RGT81,,,,,,fdiglobal,,,00123456,,,,,,,,,831000,,,1 Market St,San Francisco,CA,94105,,,US,,,,,,,,,,REST API,,DREVIEW,0,480,internet,,
joaosouza2323_1740502549,Mar 11 2025 06:01:05 PM GMT,7417160658146121104805,CAPTURE_TEST,,,DOE,JOHN,johndoe@example.com,100.00,USD,411111,1111,Card Payments - Settlement(Success),Visa,,76322903,,,,,,fdiglobal,,,00123456,,,,,,,,,,,,1 Market St,San Francisco,CA,94105,,,US,,,,,,,,,,REST API,,SOK,1,100,internet,,
joaosouza2323_1740502549,Mar 11 2025 06:01:04 PM GMT,7417160648876827004807,AUTH_TEST,,,DOE,JOHN,johndoe@example.com,100.00,USD,411111,1111,"Card Payments - Authorization(Success),Decision Manager(Review)",Visa,,OWLVR84RGT6K,,,,,,fdiglobal,,,00123456,,,,,,,,,831000,,,1 Market St,San Francisco,CA,94105,,,US,,,,,,,,,,REST API,,DREVIEW,0,480,internet,,
joaosouza2323_1740502549,Mar 11 2025 06:00:49 PM GMT,7417160492316102204806,AUTH_CAPTURE_TEST,,,DOE,JOHN,johndoe@example.com,100.00,USD,411111,1111,"Card Payments - Settlement(Not Run),Decision Manager(Review),Card Payments - Authorization(Success)",Visa,,OWLVR84RGT6F,,,,,,fdiglobal,,,00123456,,,,,,,,,831000,,,1 Market St,San Francisco,CA,94105,,,US,,,,,,,,,,REST API,,DREVIEW,0,480,internet,,
joaosouza2323_1740502549,Mar 11 2025 05:59:17 PM GMT,7417159570686818204807,CAPTURE_TEST,,,DOE,JOHN,johndoe@example.com,100.00,USD,411111,1111,Card Payments - Settlement(Success),Visa,,76322255,,,,,,fdiglobal,,,00123456,,,,,,,,,,,,1 Market St,San Francisco,CA,94105,,,US,,,,,,,,,,REST API,,SOK,1,100,internet,,
joaosouza2323_1740502549,Mar 11 2025 05:59:16 PM GMT,7417159563066818104807,AUTH_TEST,,,DOE,JOHN,johndoe@example.com,100.00,USD,411111,1111,"Card Payments - Authorization(Success),Decision Manager(Review)",Visa,,OX5HW84RHCRT,,,,,,fdiglobal,,,00123456,,,,,,,,,831000,,,1 Market St,San Francisco,CA,94105,,,US,,,,,,,,,,REST API,,DREVIEW,0,480,internet,,
joaosouza2323_1740502549,Mar 11 2025 05:59:13 PM GMT,7417159529136109804805,CAPTURE_TEST,,,DOE,JOHN,johndoe@example.com,100.00,USD,411111,1111,Card Payments - Settlement(Success),Visa,,76322778,,,,,,fdiglobal,,,00123456,,,,,,,,,,,,1 Market St,San Francisco,CA,94105,,,US,,,,,,,,,,REST API,,SOK,1,100,internet,,
joaosouza2323_1740502549,Mar 11 2025 05:59:12 PM GMT,7417159520886091604806,AUTH_TEST,,,DOE,JOHN,johndoe@example.com,100.00,USD,411111,1111,"Card Payments - Authorization(Success),Decision Manager(Review)",Visa,,EYMD482HJQ7X,,,,,,fdiglobal,,,00123456,,,,,,,,,831000,,,1 Market St,San Francisco,CA,94105,,,US,,,,,,,,,,REST API,,DREVIEW,0,480,internet,,
joaosouza2323_1740502549,Mar 11 2025 05:58:06 PM GMT,7417158867106104604805,CAPTURE_TEST,,,DOE,JOHN,johndoe@example.com,100.00,USD,411111,1111,Card Payments - Settlement(Success),Visa,,76322824,,,,,,fdiglobal,,,00123456,,,,,,,,,,,,1 Market St,San Francisco,CA,94105,,,US,,,,,,,,,,REST API,,SOK,1,100,internet,,
joaosouza2323_1740502549,Mar 11 2025 05:58:05 PM GMT,7417158858276104404805,AUTH_TEST,,,DOE,JOHN,johndoe@example.com,100.00,USD,411111,1111,"Card Payments - Authorization(Success),Decision Manager(Review)",Visa,,OX5HW84RHCRL,,,,,,fdiglobal,,,00123456,,,,,,,,,831000,,,1 Market St,San Francisco,CA,94105,,,US,,,,,,,,,,REST API,,DREVIEW,0,480,internet,,
joaosouza2323_1740502549,Mar 11 2025 05:44:18 PM GMT,7417150588466734504807,TEST_AUTH,,,DOE,JOHN,johndoe@example.com,10.00,USD,411111,1111,"Decision Manager(Review),Card Payments - Authorization(Success)",Visa,,EYMD482HJQ1B,,,,,,fdiglobal,,,00123456,,,,,,,,,831000,,,1 Market St,San Francisco,CA,94105,,,US,,,,,,,,,,REST API,,DREVIEW,0,480,internet,,
joaosouza2323_1740502549,Mar 11 2025 05:42:50 PM GMT,7417149700206728004807,TEST_AUTH,,,,,,,,,,"Card Payments - Authorization(Failed),Decision Manager(Early Success)",,,,,,,,,,,,,,,,,,,,,,,,,,,,,,,,,,,,,,,,REST API,,DMISSINGFIELD,0,101,,,
